{"cameraMode":{"drawMode":0,"name":"Shaded","section":"Shading Mode"},"sceneLighting":false,"audioPlay":false,"sceneViewState":{"showFog":false,"showMaterialUpdate":false,"showSkybox":true,"showFlares":false,"showImageEffects":false,"showParticleSystems":true},"in2DMode":false,"pivot":{"x":2.2333984375,"y":3.5958251953125,"z":-1.284423828125},"rotation":{"x":0.005263620056211948,"y":-0.7123711109161377,"z":0.00534281600266695,"w":0.7017629146575928},"size":8.257794380187989,"orthographic":true}