{"cameraMode":{"drawMode":0,"name":"Shaded","section":"Shading Mode"},"sceneLighting":false,"audioPlay":false,"sceneViewState":{"showFog":true,"showMaterialUpdate":false,"showSkybox":true,"showFlares":false,"showImageEffects":false,"showParticleSystems":true},"in2DMode":false,"pivot":{"x":-2.0039544105529787,"y":1.490796446800232,"z":53.645050048828128},"rotation":{"x":0.33941763639450076,"y":-0.07326610386371613,"z":0.026528386399149896,"w":0.9374028444290161},"size":17.7846736907959,"orthographic":true}