{"cameraMode":{"drawMode":0,"name":"Shaded","section":"Shading Mode"},"sceneLighting":false,"audioPlay":false,"sceneViewState":{"showFog":false,"showMaterialUpdate":false,"showSkybox":true,"showFlares":false,"showImageEffects":false,"showParticleSystems":true},"in2DMode":false,"pivot":{"x":2.9802322387695315e-8,"y":0.419325590133667,"z":1.4901161193847657e-8},"rotation":{"x":0.08374223858118057,"y":-0.26572251319885256,"z":0.02317618578672409,"w":0.9601258635520935},"size":3.351733446121216,"orthographic":true}