{"cameraMode":{"drawMode":0,"name":"Shaded","section":"Shading Mode"},"sceneLighting":false,"audioPlay":false,"sceneViewState":{"showFog":false,"showMaterialUpdate":false,"showSkybox":true,"showFlares":false,"showImageEffects":false,"showParticleSystems":true},"in2DMode":false,"pivot":{"x":0.0,"y":1.5019748210906983,"z":-9.29842758178711},"rotation":{"x":0.1742246299982071,"y":-0.7467573881149292,"z":0.21513760089874268,"w":0.6047437787055969},"size":0.00005631518070003949,"orthographic":true}