{"cameraMode":{"drawMode":0,"name":"Shaded","section":"Shading Mode"},"sceneLighting":false,"audioPlay":false,"sceneViewState":{"showFog":true,"showMaterialUpdate":false,"showSkybox":true,"showFlares":false,"showImageEffects":false,"showParticleSystems":true},"in2DMode":false,"pivot":{"x":0.0,"y":5.043089866638184,"z":0.0000019073486328125},"rotation":{"x":0.487202912569046,"y":0.21671566367149354,"z":-0.12621966004371644,"w":0.8365024328231812},"size":14.598968505859375,"orthographic":true}