{"cameraMode":{"drawMode":0,"name":"Shaded","section":"Shading Mode"},"sceneLighting":false,"audioPlay":false,"sceneViewState":{"showFog":false,"showMaterialUpdate":false,"showSkybox":true,"showFlares":false,"showImageEffects":false,"showParticleSystems":true},"in2DMode":false,"pivot":{"x":0.014089584350585938,"y":1.359145164489746,"z":0.8088177442550659},"rotation":{"x":-0.09230288118124008,"y":0.26838022470474245,"z":-0.025843938812613488,"w":-0.9585323929786682},"size":7.371558666229248,"orthographic":false}