{"cameraMode":{"drawMode":0,"name":"Shaded","section":"Shading Mode"},"sceneLighting":false,"audioPlay":false,"sceneViewState":{"showFog":true,"showMaterialUpdate":false,"showSkybox":true,"showFlares":false,"showImageEffects":false,"showParticleSystems":true},"in2DMode":false,"pivot":{"x":0.000039458274841308594,"y":1.2040953636169434,"z":-0.07956176996231079},"rotation":{"x":0.4837301969528198,"y":0.22655165195465089,"z":-0.13122285902500153,"w":0.8351407647132874},"size":5.561649322509766,"orthographic":true}