{"cameraMode":{"drawMode":0,"name":"Shaded","section":"Shading Mode"},"sceneLighting":false,"audioPlay":false,"sceneViewState":{"showFog":true,"showMaterialUpdate":false,"showSkybox":true,"showFlares":false,"showImageEffects":false,"showParticleSystems":true},"in2DMode":false,"pivot":{"x":-4.239999294281006,"y":0.36689502000808718,"z":21.84000015258789},"rotation":{"x":0.4635787904262543,"y":-0.03321290761232376,"z":0.017392361536622049,"w":0.8852621912956238},"size":3.2015140056610109,"orthographic":true}