{"cameraMode":{"drawMode":0,"name":"Shaded","section":"Shading Mode"},"sceneLighting":false,"audioPlay":false,"sceneViewState":{"showFog":true,"showMaterialUpdate":false,"showSkybox":true,"showFlares":false,"showImageEffects":false,"showParticleSystems":true},"in2DMode":false,"pivot":{"x":7.689430236816406,"y":1.16802179813385,"z":6.381085395812988},"rotation":{"x":-0.07648458331823349,"y":-0.675539493560791,"z":0.07078058272600174,"w":-0.729922354221344},"size":6.9637274742126469,"orthographic":true}