{"cameraMode":{"drawMode":0,"name":"Shaded","section":"Shading Mode"},"sceneLighting":false,"audioPlay":false,"sceneViewState":{"showFog":false,"showMaterialUpdate":false,"showSkybox":true,"showFlares":false,"showImageEffects":false,"showParticleSystems":true},"in2DMode":false,"pivot":{"x":0.0000010728836059570313,"y":1.359145164489746,"z":-0.041189417243003848},"rotation":{"x":-0.002998264506459236,"y":0.03449321910738945,"z":-0.00010345358896302059,"w":-0.9994004368782044},"size":6.279666423797607,"orthographic":true}