{"cameraMode":{"drawMode":0,"name":"Shaded","section":"Shading Mode"},"sceneLighting":false,"audioPlay":false,"sceneViewState":{"showFog":true,"showMaterialUpdate":false,"showSkybox":true,"showFlares":false,"showImageEffects":false,"showParticleSystems":true},"in2DMode":false,"pivot":{"x":2.4605894088745119,"y":1.2229368686676026,"z":-2.5177488327026369},"rotation":{"x":0.5801379680633545,"y":0.32122233510017397,"z":-0.266413152217865,"w":0.6994855999946594},"size":12.701555252075196,"orthographic":true}