{"cameraMode":{"drawMode":0,"name":"Shaded","section":"Shading Mode"},"sceneLighting":false,"audioPlay":false,"sceneViewState":{"showFog":true,"showMaterialUpdate":false,"showSkybox":true,"showFlares":false,"showImageEffects":false,"showParticleSystems":true},"in2DMode":false,"pivot":{"x":0.000050187110900878906,"y":1.1999675035476685,"z":-0.09698139131069184},"rotation":{"x":0.08392123132944107,"y":-0.8891090154647827,"z":0.18115463852882386,"w":0.4118560552597046},"size":5.559138298034668,"orthographic":true}