{"cameraMode":{"drawMode":0,"name":"Shaded","section":"Shading Mode"},"sceneLighting":false,"audioPlay":false,"sceneViewState":{"showFog":false,"showMaterialUpdate":false,"showSkybox":true,"showFlares":false,"showImageEffects":false,"showParticleSystems":true},"in2DMode":false,"pivot":{"x":290.9639892578125,"y":44.93549346923828,"z":1.0027656555175782},"rotation":{"x":-0.08240410685539246,"y":0.007474444340914488,"z":-0.0006180485943332315,"w":-0.9965708255767822},"size":4.041658401489258,"orthographic":false}