{"cameraMode":{"drawMode":0,"name":"Shaded","section":"Shading Mode"},"sceneLighting":false,"audioPlay":false,"sceneViewState":{"showFog":false,"showMaterialUpdate":false,"showSkybox":true,"showFlares":false,"showImageEffects":false,"showParticleSystems":true},"in2DMode":false,"pivot":{"x":0.00006783008575439453,"y":1.1944670677185059,"z":-0.09859800338745117},"rotation":{"x":0.08374223858118057,"y":-0.26572251319885256,"z":0.02317618578672409,"w":0.9601258635520935},"size":5.605777263641357,"orthographic":true}